method,coverage,RMSE_in_AD,RMSE_out_AD,p_value
Tanimoto >= 0.3,0.8188976377952756,0.942388553616052,1.129203025879561,0.3159688347176377
Tanimoto >= 0.4,0.37401574803149606,0.8410748900164617,1.0526245135115402,0.08767453933070268
Tanimoto >= 0.5,0.14173228346456693,0.9281584068479277,0.9869919398136946,0.8080742702392036
Leverage,0.9133858267716536,0.9208256793292247,1.4563522038445802,
KDE density,0.1889763779527559,0.5405486544880489,1.0551614374611684,
